{"cameraMode":{"drawMode":0,"name":"Shaded","section":"Shading Mode"},"sceneLighting":true,"audioPlay":false,"sceneViewState":{"m_AlwaysRefresh":false,"showFog":true,"showSkybox":true,"showFlares":true,"showImageEffects":true,"showParticleSystems":true,"showVisualEffectGraphs":true,"m_FxEnabled":true},"in2DMode":false,"pivot":{"x":-2.6122188568115236,"y":0.2448287010192871,"z":-3.4287819862365724},"rotation":{"x":0.1078382357954979,"y":-0.2850911319255829,"z":0.03229745477437973,"w":0.9518703818321228},"size":18.982763290405275,"orthographic":false}